PALAU,,,,,,,,,,,,,,,,,,,,
Asian Development Bank (ADB),,,,,,,,,,,,,,,,,,,,
Key Indicators for Asia and the Pacific 2019,,,,,,,,,,,,,,,,,,,,
www.adb.org/statistics,,,,,,,,,,,,,,,,,,,,
,,2000,2001,2002,2003,2004,2005,2006,2007,2008,2009,2010,2011,2012,2013,2014,2015,2016,2017,2018
,POPULATION ,,,,,,,,,,,,,,,,,,,
,Total population   as of 1 July ('000),18.9,19.2,19.4,19.5,19.7,19.8,19.7,19.4,19.0,18.6,18.3,17.9,17.6,17.4,17.4,17.7,17.9,17.9,17.5*
,Population density (persons/km2),45.5,46.2,46.5,46.9,47.3,47.7,47.4,46.5,45.7,44.8,44.0,43.1,42.3,41.8,41.7,42.5,42.9,43.0,42.2*
,Population (% annual change),0.3,1.5,0.8,0.8,0.8,0.8,-0.5,-1.9,-1.9,-1.9,-1.9,-1.9,-1.9,-1.2,-0.3,1.8,1.2,0.2,-2.0*
,Urban population (% of total population),69.5,...,...,...,...,77.4,...,...,...,...,77.0,...,81.1,...,...,78.7,...,...,...
,,,,,,,,,,,,,,,,,,,,
,LABOR FORCEa calendar year,"9,607",...,...,...,...,"10,203",...,...,...,...,...,...,"9,480",...,...,"10,693",...,...,...
,Employed,"9,383",...,...,...,...,"9,777",...,...,...,...,...,...,"9,089",...,...,"10,516",...,...,...
,"     Agriculture, forestry, and fishing",668,...,...,...,...,761,...,...,...,...,...,...,...,...,...,668,...,...,...
,     Mining and quarrying,...,...,...,...,...,...,...,...,...,...,...,...,...,...,…,46,...,...,...
,     Manufacturing,65,...,...,...,...,259,...,...,...,...,...,...,...,...,...,178,...,...,...
,"     Electricity, gas, steam, and air-conditioning supply; water supply; sewerage, waste management, and remediation activities",,...,...,...,...,,...,...,...,...,...,...,...,...,...,233,...,...,...
,     Construction,,...,...,...,...,,...,...,...,...,...,...,...,...,...,771,...,...,...
,     Wholesale and retail trade; repair of motor vehicles and motorcycles,,...,...,...,...,,...,...,...,...,...,...,...,...,...,"1,134",...,...,...
,     Accommodation and food service activities,,...,...,...,...,,...,...,...,...,...,...,...,...,...,"1,041",...,...,...
,     Transportation and storage,,...,...,...,...,,...,...,...,...,...,...,...,...,...,326,...,...,...
,     Information and communication,,...,...,...,...,,...,...,...,...,...,...,...,...,...,147,...,...,...
,     Financial and insurance activities,,...,...,...,...,,...,...,...,...,...,...,...,...,...,103,...,...,...
,     Real estate activities,,...,...,...,...,,...,...,...,...,...,...,...,...,...,60,...,...,...
,     Othersb,"8,650",...,...,...,...,"8,757",...,...,...,...,...,...,...,...,...,"5,809",...,...,...
,Unemployed,224,...,...,...,...,426,...,...,...,...,...,...,391,...,...,177,...,...,...
,Unemployment rate (%),2.3,...,...,...,...,4.2,...,...,...,...,...,...,4.1,...,...,1.7,...,...,...
,Labor force (% annual change),2.8,...,...,...,...,1.2,...,...,...,...,...,...,-1.0,...,...,4.1,...,...,...
,Labor force participation rate (%),67.5,...,...,...,...,69.1,...,...,...,...,...,...,68.1,...,...,77.4,...,...,...
,     Male,74.9,...,...,...,...,76.9,...,...,...,...,...,...,...,...,...,79.7,...,...,...
,     Female,58.1,...,...,...,...,59.7,...,...,...,...,...,...,...,...,...,74.7,...,...,...
,,,,,,,,,,,,,,,,,,,,
,NATIONAL ACCOUNTS fiscal year ending 30 September ($ million),,,,,,,,,,,,,,,,,,,
,At Current Prices,,,,,,,,,,,,,,,,,,,
,GDP by industrial origin at current purchasers prices,146.1,156.7,163.0,153.8,164.9,184.5,189.0,194.6,198.0,183.4,183.5,193.1,211.1,223.4,243.1,280.4,300.1,286.3,284.0*
,"          Agriculture, forestry, and fishing",5.7,5.8,6.0,5.8,6.2,7.1,7.9,7.2,7.9,7.3,7.1,7.4,7.8,8.3,8.1,8.2,8.8,9.2,9.0*
,          Mining and quarrying,1.4,1.4,1.3,0.7,0.8,1.2,1.2,1.0,1.2,0.9,0.6,0.6,0.7,0.5,0.7,1.1,1.3,1.6,1.3*
,          Manufacturing,4.1,5.2,7.4,2.9,1.4,1.5,1.5,1.4,1.8,1.6,1.5,1.7,2.1,2.3,2.4,2.6,2.8,2.8,2.9*
,"          Electricity, gas, steam, and air-conditioning supply",3.2,3.8,2.8,2.6,2.1,1.2,0.0,1.6,1.3,4.7,5.6,3.1,3.8,5.5,5.2,3.2,8.5,4.9,3.7*
,"          Water supply; sewerage, waste management, and remediation activities",1.0,1.0,1.0,1.0,1.0,1.0,1.1,1.1,1.2,1.1,1.0,1.0,1.0,1.6,1.2,1.1,2.0,2.2,2.1*
,          Construction,12.0,17.3,22.4,19.8,19.8,20.5,18.6,16.6,12.8,8.4,9.6,10.7,10.2,7.9,8.7,12.6,13.7,11.6,12.6*
,          Wholesale and retail trade; repair of motor vehicles and motorcycles,19.6,20.3,18.6,19.1,20.0,22.2,21.3,23.7,26.2,22.9,21.8,23.9,29.8,31.0,33.4,41.4,43.3,41.6,43.2*
,          Transportation and storage,8.1,8.8,7.8,7.7,8.9,10.8,11.1,12.2,12.4,12.0,12.3,13.2,14.5,14.6,17.1,19.5,19.6,18.7,16.5*
,          Accommodation and food service activities,10.3,10.4,13.5,11.2,12.0,15.7,16.1,17.9,19.5,18.2,18.5,21.7,25.3,29.7,31.7,40.3,43.1,38.6,34.8*
,          Information and communication,7.0,6.0,6.3,5.6,6.4,6.2,6.6,6.8,7.3,6.9,6.5,7.0,7.6,7.5,7.9,9.1,11.4,11.3,11.3*
,          Financial and insurance activities,7.6,7.7,6.4,6.5,6.3,7.7,10.3,10.1,8.8,7.0,6.6,5.6,2.6,4.5,4.4,3.8,4.1,5.5,9.2*
,          Real estate activities,8.0,8.7,8.3,8.3,13.3,19.1,21.0,19.9,19.4,18.3,16.1,16.5,16.1,16.8,17.3,18.8,21.6,22.4,22.0*
,"          Professional, scientific, and technical activities",3.4,3.5,3.2,3.0,2.9,3.1,3.7,3.4,3.2,2.8,3.3,2.9,2.7,2.9,4.2,5.8,6.2,4.1,5.2*
,          Administrative and support service activities,2.7,3.1,2.6,2.2,2.7,3.1,2.6,2.5,2.4,2.0,2.4,2.7,2.9,3.2,3.5,4.0,4.7,4.7,4.5*
,          Public administration and defense; compulsory social security,23.9,24.4,25.6,26.3,26.1,26.1,27.6,28.7,30.2,30.6,29.7,30.6,30.9,32.2,34.0,34.6,38.5,41.6,43.0*
,          Education,8.3,8.2,8.5,8.6,8.9,8.5,8.7,9.0,9.4,9.4,9.8,9.9,10.2,9.7,10.0,10.9,11.7,11.4,11.1*
,          Human health and social work activities,4.8,4.9,5.1,5.1,5.0,5.0,5.4,5.6,5.6,5.4,5.8,5.7,6.1,6.6,7.7,7.8,8.3,8.2,8.2*
,"          Arts, entertainment, and recreation",1.0,1.3,1.4,1.8,2.1,2.2,2.4,3.2,3.8,3.4,3.8,4.8,8.3,9.4,12.2,15.3,10.7,6.9,6.9*
,          Other service activities,1.3,1.4,1.5,1.5,1.5,1.6,2.0,2.3,2.5,2.5,2.4,2.9,3.1,3.1,3.6,3.6,3.9,4.1,4.2*
,          Activities of households as employers; undifferentiated goods- and services-producing activities of households for own use,1.2,1.6,1.7,2.2,2.9,3.5,3.9,4.0,3.9,3.8,3.7,3.5,3.2,2.9,3.1,4.2,3.9,4.2,4.2*
,          Activities of extraterritorial organizations and bodies,...,...,...,...,...,...,...,...,...,...,...,...,...,...,...,...,…,…,…
,Less: Financial intermediation services indirectly measured ,-1.3,-1.5,-1.4,-1.5,-1.6,-1.6,-1.8,-1.6,-2.0,-2.0,-2.0,-2.2,-2.1,-2.0,-1.8,-1.6,-1.7,-2.8,-5.0*
,Taxes on products ,14.2,14.2,13.2,13.3,16.1,19.1,17.8,18.2,20.0,17.8,18.1,20.0,24.3,25.4,29.0,34.2,35.0,33.6,33.2*
,Less: Subsidies,-1.4,-0.7,0.0,-0.1,0.0,-0.4,0.0,-0.1,-0.7,-1.8,-0.7,-0.1,0.0,-0.3,-0.4,-0.1,-1.1,0.0,0.0*
,Gross value added at basic prices,133.4,143.2,149.9,140.5,148.8,165.8,171.3,176.6,178.8,167.4,166.1,173.2,186.8,198.4,214.5,246.2,266.2,252.7,250.8*
,,,,,,,,,,,,,,,,,,,,
,     Structure of Output   (% of GDP at current basic prices),,,,,,,,,,,,,,,,,,,
,      Agriculture,4.3,4.0,4.0,4.1,4.1,4.2,4.6,4.0,4.3,4.3,4.2,4.2,4.1,4.1,3.7,3.3,3.3,3.6,3.5*
,      Industry,16.1,19.9,23.1,19.1,16.8,15.2,12.9,12.2,10.1,9.9,11.0,9.8,9.4,8.9,8.5,8.3,10.5,9.0,8.8*
,      Services,79.7,76.1,73.0,76.9,79.1,80.5,82.5,83.7,85.6,85.8,84.8,86.0,86.5,87.0,87.8,88.4,86.2,87.4,87.6*
,,,,,,,,,,,,,,,,,,,,
,       Expenditure on GDP at current market prices,...,...,...,...,...,199.8,199.3,207.2,202.8,195.8,192.5,204.4,217.6,222.8,244.5,287.9,300.4,285.0,279.4*
,          Final consumption expenditure,...,...,...,...,...,178.7,190.7,194.5,205.4,200.5,197.2,207.7,225.4,237.1,250.4,265.4,284.1,285.9,289.0*
,               Household final consumption,...,...,...,...,...,117.3,123.2,125.9,132.4,126.5,124.3,134.1,150.5,158.7,168.2,180.2,191.9,191.4,189.2*
,               NPISHs final consumption ,...,...,...,...,...,3.6,3.8,4.2,4.4,4.5,4.1,4.2,4.5,4.7,5.0,5.3,6.2,7.0,7.8*
,               Government final consumption,...,...,...,...,...,57.8,63.7,64.4,68.6,69.5,68.7,69.4,70.3,73.7,77.2,79.9,86.1,87.6,92.0*
,          Gross capital formation,...,...,...,...,...,79.2,72.1,66.3,59.5,43.1,45.1,54.9,56.1,50.1,69.6,70.9,78.3,79.7,75.7*
,               Gross fixed capital formation,...,...,...,...,...,78.5,72.1,65.9,59.9,43.5,43.7,54.3,55.6,49.3,71.8,76.2,80.3,78.8,72.4*
,                    Public,...,...,...,...,...,...,...,...,...,...,...,...,...,...,...,...,...,...,...
,                    Private,...,...,...,...,...,...,...,...,...,...,...,...,...,...,...,...,...,...,...
,               Change in inventories,...,...,...,...,...,0.8,0.0,0.5,-0.4,-0.3,1.3,0.6,0.5,0.8,-2.2,-5.3,-2.1,0.9,3.3*
,          Acquisitions less disposal of valuables,...,...,...,...,...,...,...,...,...,...,...,...,...,...,...,...,...,...,...
,          Exports of goods and services,...,...,...,...,...,87.0,93.3,91.6,99.3,85.3,91.8,109.2,127.6,132.0,148.1,163.6,154.8,142.3,132.6*
,               Exports of goods,...,...,...,...,...,19.4,23.3,15.2,17.8,10.7,13.7,14.7,17.1,16.0,15.1,11.9,12.4,13.2,12.9*
,               Exports of services,...,...,...,...,...,67.6,70.0,76.4,81.5,74.5,78.1,94.6,110.5,116.0,133.0,151.7,142.4,129.2,119.7*
,          Less: Imports of goods and services,...,...,...,...,...,145.1,156.9,145.2,161.3,133.1,141.5,167.4,191.5,196.4,223.6,212.1,216.8,223.0,218.0*
,               Imports of goods,...,...,...,...,...,116.2,125.9,116.3,127.9,101.8,112.5,134.3,151.2,157.1,184.3,169.8,169.5,174.0,170.6*
,               Imports of services,...,...,...,...,...,28.8,31.0,28.8,33.4,31.3,29.0,33.2,40.3,39.3,39.2,42.2,47.3,49.0,47.3*
,          Statistical discrepancyc,...,...,...,...,...,-15.4,-10.3,-12.6,-4.8,-12.4,-9.0,-11.2,-6.5,0.6,-1.4,-7.5,-0.2,1.3,4.6*
,,,,,,,,,,,,,,,,,,,,
,          Structure of Demand       (% of GDP at current purchasers prices),,,,,,,,,,,,,,,,,,,
,          Household final consumption,...,...,...,...,...,63.6,65.2,64.7,66.8,69.0,67.7,69.4,71.3,71.0,69.2,64.3,63.9,66.8,66.6*
,          Government final consumption,...,...,...,...,...,31.3,33.7,33.1,34.6,37.9,37.5,35.9,33.3,33.0,31.7,28.5,28.7,30.6,32.4*
,          Gross capital formation,...,...,...,...,...,42.9,38.2,34.1,30.0,23.5,24.6,28.4,26.6,22.4,28.6,25.3,26.1,27.8,26.7*
,               Changes in inventories,...,...,...,...,...,0.4,0.0,0.2,-0.2,-0.2,0.7,0.3,0.3,0.4,-0.9,-1.9,-0.7,0.3,1.2*
,          Exports of goods and services,...,...,...,...,...,47.2,49.4,47.0,50.1,46.5,50.0,56.6,60.5,59.1,60.9,58.4,51.6,49.7,46.7*
,          Imports of goods and services,...,...,...,...,...,78.6,83.0,74.6,81.5,72.6,77.1,86.7,90.7,87.9,91.9,75.6,72.2,77.9,76.7*
,          Statistical discrepancyc,,,,,,-8.3,-5.4,-6.5,-2.4,-6.8,-4.9,-5.8,-3.1,0.3,-0.6,-2.7,-0.1,0.5,1.6*
,,,,,,,,,,,,,,,,,,,,
,At Constant Prices,,,,,,,,,,,,,,,,,,,
,GDP by industrial origin at fiscal year 2015 purchasers prices,223.9,238.2,246.5,239.5,251.4,261.6,257.7,261.1,246.6,231.1,231.8,243.1,247.5,244.0,254.7,280.4,282.6,272.7,277.3*
,"          Agriculture, forestry, and fishing",8.8,8.8,8.9,9.1,9.3,9.7,11.2,10.3,10.6,9.8,9.3,9.2,8.8,9.0,8.5,8.2,8.8,9.6,9.1*
,          Mining and quarrying,2.0,2.1,1.9,1.1,1.2,1.6,1.5,1.3,1.3,1.0,0.7,0.7,0.7,0.5,0.7,1.1,1.3,1.6,1.3*
,          Manufacturing,5.8,7.5,10.7,4.1,2.0,2.0,1.8,1.8,2.1,1.8,1.7,1.9,2.2,2.4,2.4,2.6,2.8,2.8,2.8*
,"          Electricity, gas, steam, and air-conditioning supply",4.0,4.1,4.0,4.1,4.2,4.4,4.0,4.0,3.8,3.2,3.3,3.2,3.1,3.1,3.2,3.2,3.4,3.6,3.6*
,"          Water supply; sewerage, waste management, and remediation activities",1.3,1.4,1.4,1.4,1.4,1.3,1.4,1.4,1.4,1.4,1.3,1.2,1.2,1.6,1.3,1.1,1.8,1.8,1.9*
,          Construction,14.1,20.3,26.5,22.5,22.8,24.6,21.6,19.9,13.8,9.7,11.0,11.5,10.3,7.7,8.3,12.6,14.1,11.7,12.4*
,          Wholesale and retail trade; repair of motor vehicles and motorcycles,27.5,28.1,26.3,26.6,28.6,34.6,34.5,35.4,30.8,33.1,31.6,32.8,35.6,36.3,37.2,41.4,41.1,41.2,41.1*
,          Transportation and storage,12.1,13.1,12.0,11.9,12.8,13.8,13.2,14.8,14.7,13.6,14.3,16.5,17.3,16.3,17.9,19.5,19.2,18.1,16.6*
,          Accommodation and food service activities,18.8,17.5,16.5,20.1,25.4,25.2,24.0,25.7,24.3,22.1,23.1,29.6,32.4,31.6,35.7,40.3,36.6,32.7,31.3*
,          Information and communication,6.2,5.1,5.3,4.7,5.5,5.2,5.7,5.9,6.2,6.3,6.3,6.5,7.8,8.1,8.3,9.1,10.3,11.0,15.5*
,          Financial and insurance activities,9.5,9.8,8.3,8.9,8.4,9.8,12.6,12.9,9.9,8.0,7.7,6.8,2.8,4.6,4.4,3.8,4.0,5.7,9.3*
,          Real estate activities,18.6,18.9,21.3,22.5,20.2,18.8,18.5,18.6,19.2,19.0,18.3,18.7,18.1,18.2,18.3,18.8,18.8,18.9,18.3*
,"          Professional, scientific, and technical activities",4.7,4.9,4.4,4.2,4.0,4.1,4.6,4.3,3.7,3.2,3.7,3.1,2.8,2.9,4.1,5.8,6.3,4.1,5.0*
,          Administrative and support service activities,3.6,4.1,3.5,3.0,3.5,3.9,3.0,3.0,2.6,2.1,2.5,2.7,2.9,3.2,3.4,4.0,4.5,4.5,4.3*
,          Public administration and defense; compulsory social security,33.6,35.3,37.1,36.8,37.0,35.1,36.1,36.7,36.4,35.9,35.1,34.4,34.1,34.2,35.3,34.6,35.8,37.7,38.9*
,          Education,12.1,12.2,11.9,12.1,12.6,11.8,11.9,12.2,12.2,12.3,12.1,11.8,11.5,10.8,10.9,10.9,11.4,10.4,10.1*
,          Human health and social work activities,7.5,7.9,7.9,7.9,7.9,7.3,7.7,7.6,7.5,7.2,7.5,7.5,7.5,7.8,8.0,7.8,7.8,7.6,7.4*
,"          Arts, entertainment, and recreation",4.0,4.8,5.8,7.6,8.6,8.6,8.8,10.2,8.6,8.7,8.8,10.5,11.7,10.4,11.4,15.3,13.9,11.7,11.9*
,          Other service activities,1.9,2.0,2.3,2.3,2.1,2.2,2.6,3.0,3.1,2.9,2.8,3.2,3.3,3.2,3.5,3.6,3.9,3.9,3.9*
,          Activities of households as employers; undifferentiated goods- and services-producing activities of households for own use,1.9,2.4,2.6,3.4,4.4,5.1,5.5,5.5,5.2,4.9,4.7,4.3,3.8,3.3,3.3,4.2,3.8,4.0,3.8*
,          Activities of extraterritorial organizations and bodies,…,…,…,…,…,…,…,…,…,…,…,…,…,…,…,…,…,…,…
,Less: Financial intermediation services indirectly measured,-1.3,-1.4,-1.2,-1.6,-1.7,-1.7,-1.9,-2.2,-2.1,-2.2,-2.4,-3.0,-2.3,-2.0,-1.8,-1.6,-1.6,-3.0,-5.1*
,Taxes on products,25.8,25.9,24.3,25.5,31.8,35.2,28.3,29.0,31.7,27.0,28.5,30.2,35.3,34.8,30.7,34.2,34.6,32.9,33.7*
,Less: Subsidies,-0.1,-0.1,-0.1,-0.1,-0.1,-0.1,-0.1,-0.1,-0.1,-0.1,-0.1,-0.1,-0.1,-0.1,-0.1,-0.1,-0.1,-0.1,-0.1*
,Gross value added at constant basic prices,196.7,208.8,217.4,212.6,220.4,227.3,228.1,232.1,215.3,204.1,203.4,213.2,215.6,213.4,224.3,246.2,248.2,239.4,243.6*
,,,,,,,,,,,,,,,,,,,,
,      Growth of Output  (% annual change),,,,,,,,,,,,,,,,,,,
,      GDP,...,6.4,3.5,-2.8,5.0,4.1,-1.5,1.3,-5.6,-6.3,0.3,4.9,1.8,-1.4,4.4,10.1,0.8,-3.5,1.7*
,      Agriculture,...,0.6,1.3,1.5,2.9,4.3,15.0,-8.0,3.3,-7.5,-5.0,-1.7,-4.2,2.8,-5.9,-3.7,7.8,8.4,-5.2*
,      Industry,...,29.5,26.2,-25.4,-4.7,7.0,-10.7,-6.5,-20.7,-24.0,5.2,3.1,-5.6,-11.8,3.1,30.3,13.1,-8.4,3.0*
,      Services,...,2.6,-0.5,4.1,5.3,2.4,1.8,3.7,-5.7,-2.7,-0.5,5.6,1.7,-0.4,5.7,8.6,-0.7,-2.8,2.9*
,,,,,,,,,,,,,,,,,,,,
,     Expenditure on GDP at fiscal year 2015 purchasers prices,...,...,...,...,...,277.5,268.5,275.5,256.9,237.7,238.3,258.2,262.0,249.8,265.1,287.9,285.9,276.1,279.0*
,          Final consumption expenditure,...,...,...,...,...,242.5,247.9,252.4,249.4,239.0,234.0,237.2,247.1,249.5,254.9,265.4,280.4,279.5,284.0*
,               Household final consumption,...,...,...,...,...,160.8,161.7,165.7,162.9,152.1,148.6,153.6,165.2,166.8,171.0,180.2,191.2,190.3,190.6*
,               NPISHs final consumption ,...,...,...,...,...,4.9,4.9,5.4,5.4,5.3,4.8,4.7,4.9,4.9,5.1,5.3,6.0,6.6,7.1*
,               Government final consumption,...,...,...,...,...,76.8,81.4,81.4,81.2,81.7,80.5,78.9,77.1,77.8,78.9,79.9,83.2,82.7,86.4*
,          Gross capital formation,...,...,...,...,...,98.7,87.9,83.3,68.7,48.8,50.4,60.0,59.3,51.6,70.7,70.9,77.8,79.8,75.8*
,               Gross fixed capital formation,...,...,...,...,...,97.8,87.9,82.8,69.1,49.2,48.9,59.5,58.7,50.7,72.2,76.2,80.4,78.8,72.5*
,                    Public,...,...,...,...,...,...,...,...,...,...,...,...,...,...,...,...,...,...,...
,                    Private,...,...,...,...,...,...,...,...,...,...,...,...,...,...,...,...,...,...,...
,               Change in inventories,...,...,...,...,...,0.9,0.0,0.5,-0.5,-0.4,1.5,0.5,0.6,0.9,-1.5,-5.3,-2.6,1.0,3.2*
,               Acquisition less disposal of valuables,...,...,...,...,...,...,...,...,...,...,...,...,...,...,...,...,...,...,...
,          Exports of goods and services,...,...,...,...,...,124.2,124.5,121.4,114.3,103.7,109.4,127.4,138.2,133.5,146.2,163.6,156.8,142.6,132.6*
,               Exports of goods,...,...,...,...,...,25.8,27.7,17.4,14.9,13.2,14.5,11.4,12.6,11.8,10.5,11.9,16.7,15.1,12.8*
,               Exports of services,...,...,...,...,...,98.4,96.8,104.0,99.4,90.5,94.9,116.0,125.6,121.7,135.8,151.7,140.2,127.5,119.8*
,          Less: Imports of goods and services,...,...,...,...,...,188.0,191.7,181.5,175.4,153.8,155.5,166.3,182.6,184.9,206.7,212.1,229.1,225.9,213.4*
,               Imports of goods,...,...,...,...,...,152.7,155.0,144.8,137.3,119.4,123.9,129.9,140.3,144.2,166.9,169.8,182.2,177.9,166.2*
,               Imports of services,...,...,...,...,...,35.3,36.7,36.8,38.2,34.4,31.6,36.4,42.3,40.7,39.8,42.2,46.9,48.0,47.2*
,          Statistical discrepancyc,...,...,...,...,...,-15.9,-10.8,-14.4,-10.4,-6.6,-6.5,-15.2,-14.4,-5.7,-10.4,-7.5,-3.3,-3.4,-1.7*
,,,,,,,,,,,,,,,,,,,,
,                Growth of Demand  (% annual change),,,,,,,,,,,,,,,,,,,
,                Household final consumption,...,...,...,...,...,...,0.5,2.5,-1.7,-6.7,-2.3,3.3,7.6,1.0,2.5,5.4,6.1,-0.5,0.2*
,                Government final consumption,...,...,...,...,...,...,3.1,0.0,-0.1,0.4,-0.8,-1.1,-1.2,0.5,0.7,0.7,2.2,-0.3,2.5*
,                Gross capital formation,...,...,...,...,...,...,-11.0,-5.2,-17.6,-28.9,3.3,19.0,-1.2,-12.9,37.1,0.3,9.8,2.5,-5.0*
,                Exports of goods and services,...,...,...,...,...,...,0.2,-2.5,-5.9,-9.2,5.5,16.4,8.5,-3.4,9.6,11.9,-4.1,-9.1,-7.1*
,                Imports of goods and services,...,...,...,...,...,...,2.0,-5.3,-3.4,-12.3,1.1,7.0,9.8,1.2,11.8,2.6,8.0,-1.4,-5.5*
,,,,,,,,,,,,,,,,,,,,
,Investment Financing at Current Prices,,,,,,,,,,,,,,,,,,,
,Gross capital formation,...,...,...,...,...,98.7,87.9,83.3,68.7,48.8,50.4,60.0,59.3,51.6,70.7,70.9,77.8,79.8,75.8*
,Gross national saving,...,...,...,...,...,35.3,26.8,30.8,25.6,14.6,22.5,20.5,20.3,20.1,28.4,43.0,43.4,27.2,...
,     Gross domestic savingd,...,...,...,...,...,5.8,-1.7,0.1,-7.4,-17.1,-13.7,-14.5,-14.3,-13.7,-7.2,14.9,16.0,0.4,-5.0*
,     Net factor income from abroad,...,...,...,...,...,...,...,...,...,...,...,...,...,...,...,...,...,...,...
,     Net current transfers from abroad,...,...,...,...,...,29.5,28.5,30.7,32.9,31.7,36.1,35.0,34.5,33.8,35.6,28.1,27.4,26.8,...
,,,,,,,,,,,,,,,,,,,,
,      Savings and Investment  (% of GDP at current purchasers prices),,,,,,,,,,,,,,,,,,,
,     Gross domestic savingd,...,...,...,...,...,3.1,-0.9,0.1,-3.7,-9.3,-7.4,-7.5,-6.8,-6.1,-3.0,5.3,5.3,0.1,-1.8*
,     Gross national saving,...,...,...,...,...,19.1,14.2,15.8,12.9,8.0,12.2,10.6,9.6,9.0,11.7,15.4,14.5,9.5,...
,     Gross capital formation,...,...,...,...,...,53.5,46.5,42.8,34.7,26.6,27.5,31.1,28.1,23.1,29.1,25.3,25.9,27.9,26.7*
,,,,,,,,,,,,,,,,,,,,
, At Current Market Prices   ($ '000),,,,,,,,,,,,,,,,,,,
,Per capita GDP ,7.7,8.2,8.4,7.9,8.4,9.3,9.6,10.1,10.4,9.8,10.0,10.8,12.0,12.8,14.0,15.9,16.8,16.0,16.2*
,Per capita GNI,8.6,9.2,9.5,8.6,9.0,10.4,10.7,11.4,11.7,10.9,11.0,11.9,13.1,13.8,15.0,17.2,18.1,16.8,17.1*
,,,,,,,,,,,,,,,,,,,,
,ENERGY   annual values,,,,,,,,,,,,,,,,,,,
,     Electricity   (kWh million),,,,,,,,,,,,,,,,,,,
,     Production,90,90,87,86,95,95,83,91,100,108,118,114,110,109,110,107,100,...,...
,     Consumption,121,124,125,124,124,129,137,140,109,101,96,96,64,65,67,67,71,...,...
,,,,,,,,,,,,,,,,,,,,
,PRICE INDEXES    period averages; June 2008 | 2016 = 100 ,,,,,,,,,,,,,,,,,,,
, Consumer   (national),78.2,76.8,75.8,76.6,80.4,83.5,87.2,90.1,100.8,102.3,103.7,108.6,112.5,116.3,121.2,122.3,121.1,100.7,102.9
,       Food and nonalcoholic beverages,83.3,81.3,80.2,80.8,86.6,85.3,84.2,88.8,104.2,113.8,115.9,121.5,126.9,130.9,132.8,135.0,130.9,101.6,105.6
,"       Alcoholic beverages, tobacco, and narcotics",69.8,63.9,61.8,63.5,80.9,84.5,90.7,94.2,98.8,98.3,97.4,105.2,108.7,111.4,124.1,142.2,141.5,100.0,99.7
,       Clothing and footwear,127.7,134.8,128.7,124.1,119.5,118.6,106.6,100.2,100.3,103.8,102.6,101.9,103.1,103.6,102.2,102.2,110.0,96.1,97.1
,"       Housing, water, electricity, gas, and other fuels",109.7,116.6,111.0,107.4,105.5,105.5,102.2,96.4,100.3,103.5,103.1,104.6,107.9,114.9,117.0,119.8,128.8,100.8,103.7
,"       Furnishings, household equipment, and routine household maintenance",68.1,66.9,66.9,68.2,67.1,70.8,75.8,82.7,101.0,99.3,102.5,109.5,114.4,120.5,121.6,112.2,110.2,101.1,99.5
,       Healthe,88.3,86.4,87.8,91.3,92.3,101.2,112.2,109.6,99.7,101.0,101.3,100.2,99.6,100.5,117.2,118.0,118.3,100.0,102.0
,       Transport,71.4,69.9,69.4,70.2,73.5,78.8,85.3,84.2,99.4,92.8,95.7,100.2,104.7,108.3,109.8,103.5,100.8,102.3,108.9
,       Communication,...,...,...,...,...,...,...,...,...,...,...,...,...,...,...,...,...,100.0,100.0
,       Recreation and culturef,107.8,106.8,107.3,107.4,109.1,107.9,106.1,102.7,100.5,100.3,100.9,101.3,101.8,101.9,101.8,101.8,101.4,101.4,101.4
,       Educationg,...,...,...,...,...,...,...,...,...,...,...,...,...,...,...,...,...,100.0,100.0
,       Restaurants and hotels,...,...,...,...,...,...,...,...,...,...,...,...,...,...,...,...,...,99.2,97.1
,       Miscellaneous goods and services,...,...,...,...,...,...,...,...,...,...,...,...,...,...,...,...,...,99.8,97.7
, Implicit GDP deflator  2015 = 100,65.3,65.8,66.1,64.2,65.6,70.5,73.4,74.5,80.3,79.3,79.2,79.5,85.3,91.5,95.5,100.0,106.2,105.0,102.4
,,,,,,,,,,,,,,,,,,,,
,                Price Indexes   (% annual change),,,,,,,,,,,,,,,,,,,
,               Consumer price index,...,-1.8,-1.3,1.1,5.0,3.9,4.4,3.3,11.9,1.5,1.4,4.7,3.6,3.4,4.2,0.9,-1.0 |,0.7,2.2
,               Food and nonalcoholic beverages price index,...,-2.4,-1.4,0.7,7.2,-1.5,-1.3,5.5,17.3,9.2,1.8,4.8,4.4,3.2,1.5,1.7,-3.0 |,1.6,3.9
,               Implicit GDP deflator,...,0.8,0.5,-2.9,2.2,7.5,4.0,1.6,7.8,-1.2,-0.2,0.4,7.3,7.3,4.3,4.8,6.2,-1.1,-2.5
,,,,,,,,,,,,,,,,,,,,
,MONEY AND BANKING ($ million),,,,,,,,,,,,,,,,,,,
,Money supply (M1)  ,…,…,…,…,…,…,…,…,…,34.69,33.79,48.82,63.74,67.2,84.8,101.7,106.0,…,…
,     Currency in circulation,…,…,…,…,…,…,…,…,…,3.0,2.5,2.8,2.3,3.3,1.8,1.9,2.1,…,…
,     Demand deposits ,…,…,…,…,…,…,…,…,…,31.7,31.3,46.0,61.4,63.9,83.0,99.7,103.9,…,…
,Quasi-money,…,…,…,…,…,…,…,…,…,62.7,68.1,77.8,72.8,82.0,100.3,137.5,167.1,…,…
,Money supply (M2),…,…,…,…,…,…,…,…,…,100.2,100.7,126.0,134.0,145.8,185.1,239.6,274.4,…,…
,          Foreign assets ,…,…,…,…,…,…,…,…,…,68.9,74.4,100.2,108.2,116.9,155.5,210.5,244.7,…,…
,          Domestic credit ,…,…,…,…,…,…,…,…,…,31.3,26.3,25.8,25.8,28.8,29.6,29.1,29.8,…,…
,                    Claims on government sector ,…,…,…,…,…,…,…,…,…,…,…,…,…,…,…,…,…,…,…
,                    Claims on private sector,…,…,…,…,…,…,…,…,…,…,…,…,…,…,…,…,…,…,…
,                    Claims on other financial institutions,…,…,…,…,…,…,…,…,…,…,…,…,…,…,…,…,…,…,…
,     Other items,…,…,…,…,…,…,…,…,…,…,…,…,…,…,…,…,…,…,…
,,,,,,,,,,,,,,,,,,,,
,Money Supply (% annual change),…,…,…,…,…,…,…,…,…,…,0.6,25.1,6.3,8.8,27.0,29.4,14.5,…,…
,M2 (% of GDP at current purchasers prices),…,…,…,…,…,…,…,…,…,54.6,54.9,65.2,63.5,65.2,76.1,85.5,91.4,…,…
,,,,,,,,,,,,,,,,,,,,
,Deposit Money Banks,,,,,,,,,,,,,,,,,,,
,     Demand deposits,…,…,…,…,…,…,…,…,…,31.7,31.3,46.0,61.4,63.9,83.0,99.7,103.9,…,…
,     Time and savings deposits,…,…,…,…,…,…,…,…,…,39.9,51.7,62.5,59.2,69.2,87.9,125.3,153.0,…,…
,     Loans and advances,…,…,…,…,…,…,…,…,…,34.2,28.6,27.7,27.6,30.9,32.1,31.3,31.4,…,…
,     Domestic credits outstanding,…,…,…,…,…,…,…,…,…,…,…,…,…,…,…,…,…,…,…
,,,,,,,,,,,,,,,,,,,,
,Interest Rates,,,,,,,,,,,,,,,,,,,
,     Interest rate on demand deposits,…,…,…,…,…,…,…,…,…,1.1,0.8,0.5,0.3,0.2,0.1,0.1,0.1,0.1,0.1
,          Savings,…,…,…,…,…,…,…,…,…,1.4,0.9,0.5,0.5,0.3,0.2,0.1,0.1,0.1,0.1
,          Time:   6 months,…,…,…,…,…,…,…,…,…,1.4,0.9,0.6,0.3,0.3,0.1,0.2,0.2,0.2,0.3
,          Time:   12 months,…,…,…,…,…,…,…,…,…,0.9,0.8,0.5,0.3,0.2,0.2,0.2,0.2,0.2,0.4
,,,,,,,,,,,,,,,,,,,,
,GOVERNMENT FINANCEh   fiscal year ending 30 September ($ million),,,,,,,,,,,,,,,,,,,
,Central Governmenti,,,,,,,,,,,,,,,,,,,
,     Revenue,64.5,52.4,58.3,69.6,72.7,77.4,87.1,92.1,84.8,76.3,85.7,87.2,95.0,92.0,106.6,114.9,124.7,115.0,127.0*
,          Taxes,23.8,24.8,23.6,24.3,28.0,31.9,31.3,30.8,32.9,29.3,31.2,34.7,39.0,41.4,47.0,56.6,59.1,56.9,60.6*
,"               Taxes on income, profits, and capital gains",…,…,…,…,…,…,…,…,…,…,…,…,…,…,…,…,…,…,…
,                    Payable by individuals,…,…,…,…,…,…,…,…,…,…,…,…,…,…,…,…,…,…,…
,                    Payable by corporations and other enterprises,…,…,…,…,…,…,…,…,…,…,…,…,…,…,…,…,…,…,…
,"                    Other taxes on income, profits, and capital gains",…,…,…,…,…,…,…,…,…,…,…,…,…,…,…,…,…,…,…
,               Taxes on payroll and workforce,…,…,…,…,…,…,…,…,…,…,…,…,…,…,…,…,…,…,…
,               Taxes on property,…,…,…,…,…,…,…,…,…,…,…,…,…,…,…,…,…,…,…
,               Taxes on goods and services,…,…,…,…,…,…,…,…,…,…,…,…,…,…,…,…,…,…,…
,               Taxes on international trade and transaction,…,…,…,…,…,…,…,…,…,…,…,…,…,…,…,…,…,…,…
,               Other taxes,…,…,…,…,…,…,…,…,…,…,…,…,…,…,…,…,…,…,…
,          Social contributions,…,…,…,…,…,…,…,…,…,…,…,…,…,…,…,…,…,…,…
,          Grants (revenue),31.5,21.7,29.4,39.2,41.1,40.8,50.5,56.0,46.3,41.8,49.6,46.0,48.2,41.9,47.1,43.7,49.3,37.3,49.8*
,          Other revenue,9.3,5.9,5.3,6.1,3.7,4.7,5.3,5.3,5.7,5.2,4.8,6.6,7.9,8.6,12.5,14.6,16.3,20.7,16.5*
,     Expense,69.7,64.4,59.0,59.0,62.7,60.8,66.6,71.8,73.3,67.2,67.4,70.2,75.4,80.6,86.8,87.0,97.2,92.8,103.7*
,          Compensation of employees,29.7,30.1,30.8,32.0,31.5,31.6,32.7,33.8,34.8,34.2,33.4,34.3,34.8,35.9,36.1,37.6,41.0,42.9,43.4*
,          Use of goods and services,15.5,15.5,14.1,16.0,16.1,14.6,18.9,18.3,20.4,19.0,19.0,20.2,21.9,22.6,24.6,24.4,25.9,25.1,26.9*
,          Consumption of fixed capital,–,–,–,–,–,–,–,–,–,–,–,–,–,–,–,–,–,–,–
,          Interest,0.2,0.7,0.7,0.7,0.7,0.7,0.7,0.6,0.8,0.6,0.7,0.6,0.6,0.6,0.5,0.7,0.4,0.5,0.4*
,          Subsidies,1.4,0.6,0.0,0.0,0.0,0.0,0.0,0.0,0.0,0.0,0.0,0.0,0.0,0.0,0.0,0.0,0.0,0.0,0.0*
,          Grants (expense),9.6,10.6,9.7*,12.5*,9.7*,9.8*,10.8*,11.2*,10.4*,9.7*,9.7*,9.4*,9.7*,11.3*,11.7*,15.0*,17.5*,14.5*,27.3*
,          Social benefits,–,–,–,–,–,–,–,–,–,–,–,–,–,–,–,–,–,–,–
,          Other expense,13.4,6.9,3.6,-2.2,4.7,4.1,3.6,7.9,6.9,3.6,4.6,5.7,8.4,10.3,13.8,9.2,12.4,9.9,5.7*
,Net operating balancej,-5.2,-12.0,-0.6,10.6,10.0,16.6,20.5,20.3,11.5,9.1,18.3,17.0,19.6,11.4,19.8,27.9,27.5,22.2,23.2*
,Gross operating balance,-5.2,-12.0,-0.6,10.6,10.0,16.6,20.5,20.3,11.5,9.1,18.3,17.0,19.6,11.4,19.8,27.9,27.5,22.2,23.2*
,Transactions in Nonfinancial Assets,-13.8,-14.7,-20.1,-14.1,-18.1,-13.6,-20.2,-24.4,-14.9,-10.7,-20.1,-14.5,-17.4,-9.7,-11.0,-13.5,-16.8,-8.4,-4.7*
,Net/gross investment in nonfinancial assets,…,…,…,…,…,…,…,…,…,…,…,…,…,…,…,…,…,…,…
,     Fixed assets,…,…,…,…,…,…,…,…,…,…,…,…,…,…,…,…,…,…,…
,     Inventories,…,…,…,…,…,…,…,…,…,…,…,…,…,…,…,…,…,…,…
,     Valuables,…,…,…,…,…,…,…,…,…,…,…,…,…,…,…,…,…,…,…
,     Nonproduced assets,…,…,…,…,…,…,…,…,…,…,…,…,…,…,…,…,…,…,…
,Expenditure,…,…,…,…,…,…,…,…,…,…,…,…,…,…,…,…,…,…,…
,Net lending/Net borrowing,-5.2,-12.0,-0.6,10.6,10.0,16.6,20.5,20.3,11.5,9.1,18.3,17.0,19.6,11.4,19.8,27.9,27.5,22.2,23.2*
,Primary balance,-21.1,-26.8,-20.1,-2.8,-7.4,3.6,0.9,-3.5,-2.7,-1.2,-1.2,3.1,2.7,2.3,9.3,15.2,11.1,14.2,19.0*
,Transactions in Financial Assets and Liabilities (Financing),…,…,…,…,…,…,…,…,…,…,…,…,…,…,…,…,…,…,…
,Net acquisition of financial assets,-5.0,28.3,20.8,2.4,3.3,2.5,-2.7,-3.4,4.9,3.0,-7.1,3.8,-10.1,6.1,-9.7,-9.4,-27.8,-18.4,-32.0*
,Domestic,…,…,…,…,…,…,…,…,…,…,…,…,…,…,…,…,…,…,…
,External ,…,…,…,…,…,…,…,…,…,…,…,…,…,…,…,…,…,…,…
,Net incurrence of liabilities,24.0,-1.5,0.0,1.7,4.8,-5.4,2.4,7.3,-1.5,-1.4,8.9,-6.3,8.0,-7.8,0.9,-5.0,17.2,4.6,10.5*
,         Domestic,…,…,…,…,…,…,…,…,…,…,…,…,…,…,…,…,…,…,…
,         External,…,…,…,…,…,…,…,…,…,…,…,…,…,…,…,…,…,…,…
,,,,,,,,,,,,,,,,,,,,
,               Government Finance (% of GDP at current purchasers prices),,,,,,,,,,,,,,,,,,,
,               Total revenue,44.2,33.4,35.8,45.3,44.1,41.9,46.1,47.3,42.8,41.6,46.7,45.2,45.0,41.2,43.8,41.0,41.5,40.2,44.7*
,               Tax revenue,16.3,15.8,14.5,15.8,17.0,17.3,16.6,15.8,16.6,16.0,17.0,18.0,18.5,18.6,19.3,20.2,19.7,19.9,21.4*
,               Taxes payable by individuals,…,…,…,…,…,…,…,…,…,…,…,…,…,…,…,…,…,…,…
,               Taxes payable by corporations and other enterprises,…,…,…,…,…,…,…,…,…,…,…,…,…,…,…,…,…,…,…
,               Total expenditure,…,…,…,…,…,…,…,…,…,…,…,…,…,…,…,…,…,…,…
,               Net lending/Net borrowing,3.5,7.7,0.4,6.9,6.1,9.0,10.8,10.4,5.8,5.0,10.0,8.8,9.3,5.1,8.1,10.0,9.2,7.8,8.2
,               Primary balance,14.5,17.1,12.4,1.8,4.5,2.0,0.5,1.8,1.4,0.6,0.6,1.6,1.3,1.0,3.8,5.4,3.7,5.0,6.7
,,,,,,,,,,,,,,,,,,,,
,Government Expenditure by Function,,,,,,,,,,,,,,,,,,,
,     Total expenditure,…,…,…,…,…,…,…,…,…,…,…,…,…,…,…,…,…,…,…
,          General public services,…,…,…,…,…,…,…,…,…,…,…,…,…,…,…,…,…,…,…
,          Defense,…,…,…,…,…,…,…,…,…,…,…,…,…,…,…,…,…,…,…
,          Public order and safety,…,…,…,…,…,…,…,…,…,…,…,…,…,…,…,…,…,…,…
,          Economic affairs,…,…,…,…,…,…,…,…,…,…,…,…,…,…,…,…,…,…,…
,          Environmental protection,…,…,…,…,…,…,…,…,…,…,…,…,…,…,…,…,…,…,…
,          Housing and community amenities,…,…,…,…,…,…,…,…,…,…,…,…,…,…,…,…,…,…,…
,          Health,…,…,…,…,…,…,…,…,…,…,…,…,…,…,…,…,…,…,…
,"          Recreation, culture, and religion",…,…,…,…,…,…,…,…,…,…,…,…,…,…,…,…,…,…,…
,          Education,…,…,…,…,…,…,…,…,…,…,…,…,…,…,…,…,…,…,…
,          Social protection,…,…,…,…,…,…,…,…,…,…,…,…,…,…,…,…,…,…,…
,,,,,,,,,,,,,,,,,,,,
,               Government Expenditure by Function  (% of GDP at current purchasers prices),,,,,,,,,,,,,,,,,,,
,               Health,…,…,…,…,…,…,…,…,…,…,…,…,…,…,…,…,…,…,…
,               Education,…,…,…,…,…,…,…,…,…,…,…,…,…,…,…,…,…,…,…
,               Social protection,…,…,…,…,…,…,…,…,…,…,…,…,…,…,…,…,…,…,…
,,,,,,,,,,,,,,,,,,,,
,EXTERNAL TRADE   fiscal year ending 30 September ($ million),,,,,,,,,,,,,,,,,,,
,"Exports, fob",12.1,17.1,21.0,8.9,6.5,14.0,14.9,16.3,29.0,13.8,16.0,18.6,20.9,20.8,19.0,18.0,...,...,...
,"Imports, fob",126.9,99.9,97.2,88.2,107.3,108.1,115.3,107.8,130.3,94.0,102.8,125.1,135.6,144.7,149.2,155.8,...,...,...
,     Trade balance,-114.8,-82.7,-76.2,-79.3,-100.8,-94.1,-100.3,-91.5,-101.2,-80.2,-86.8,-106.4,-114.7,-123.9,-130.2,-137.8,...,...,...
,,,,,,,,,,,,,,,,,,,,
,               External Trade   (% annual change),,,,,,,,,,,,,,,,,,,
,               Exports,65.9,41.5,22.8,-57.5,-27.8,116.9,6.5,8.9,78.5,-52.5,15.9,16.4,12.2,-0.5,-8.7,-5.3,...,...,...
,               Imports ,-5.7,-21.3,-2.7,-9.2,21.6,0.7,6.7,-6.5,20.8,-27.8,9.3,21.7,8.4,6.7,3.1,4.4,...,...,...
,,,,,,,,,,,,,,,,,,,,
,Direction of Trade   calendar year ($ million),,,,,,,,,,,,,,,,,,,
,"Exports, total",2.6,4.2,3.2,4.1,5.4,9.5,13.3,9.7,10.7,7.1,7.1,7.5,9.9,10.3,11.0,5.8,9.4,4.1,7.3
,     1. United States,0.3,0.3,0.3,0.3,0.3,0.3,0.3,0.3,0.3,0.3,0.3,0.3,4.0,4.4,4.4,2.2,0.6,0.5,1.5
,     2. Japan,1.4,3.5,2.5,3.3,4.3,7.6,11.9,7.4,8.2,5.3,5.1,5.8,4.1,4.1,4.6,0.4,0.1,1.5,1.7
,     3. Guam,...,...,...,...,...,...,...,...,...,...,...,...,0.3,0.3,0.3,1.3,0.3,0.9,2.7
,     4. Australia,…,0.0,0.0,0.0,0.1,0.0,0.0,0.0,0.0,0.0,0.0,...,0.0,0.0,0.2,0.0,...,0.5,0.1
,     5. Micronesia,...,...,...,...,...,...,...,...,...,...,...,...,0.1,0.1,0.1,0.0,0.0,0.1,0.4
,     6. Morocco,...,...,...,...,...,...,...,...,...,...,...,...,...,0.0,0.0,...,0.1,...,...
,     7. New Zealand,…,0.0,...,...,...,0.0,0.0,0.0,0.0,...,0.0,...,...,0.0,0.0,...,...,0.0,0.1
,     8. Singapore,...,...,...,...,...,...,...,...,...,...,...,...,0.0,0.0,0.0,0.0,0.0,0.0,0.0
,     9. India,...,...,...,...,...,...,...,...,...,...,...,...,...,...,0.0,...,...,...,...
,     10. Philippines,0.0,0.0,0.0,0.0,0.0,0.7,0.2,1.0,0.2,0.3,0.3,0.0,0.0,0.0,0.0,0.0,...,...,0.0
,,,,,,,,,,,,,,,,,,,,
,"Imports, total",62.0,85.8,73.6,71.3,75.9,86.7,98.5,116.0,130.2,89.9,107.2,142.6,119.9,168.9,125.4,158.6,235.4,192.8,209.8
,     1. United States,36.5,36.5,36.5,36.4,36.4,36.2,35.9,36.3,38.7,35.2,37.4,46.2,47.0,47.0,47.0,47.0,50.8,62.1,67.6
,     2. Japan,3.4,10.8,9.0,8.5,13.6,9.0,16.1,10.3,11.8,7.5,13.2,14.6,14.5,35.2,26.3,22.3,40.8,29.2,20.9
,"      3. China, People's Republic of",0.4,2.0,0.4,0.3,0.8,1.9,3.2,4.7,3.3,2.1,1.3,1.7,2.3,4.8,14.8,31.3,29.4,25.1,19.9
,     4. Guam,...,...,...,...,...,...,...,13.0,29.0,13.9,18.4,31.7,4.8,20.3,3.8,9.6,14.1,34.4,45.4
,     5. Indonesia,...,...,...,...,...,...,...,0.1,0.1,0.2,0.3,0.2,0.2,0.2,0.5,0.6,53.7,0.3,0.2
,"     6. Korea, Republic of",1.0,10.0,3.2,3.1,1.1,2.4,1.4,1.7,2.4,1.7,2.1,1.8,2.2,2.6,11.6,7.8,6.9,9.8,13.2
,     7. Singapore,17.9,18.0,18.1,18.5,19.2,20.7,23.9,28.5,26.0,13.5,19.2,24.4,30.3,40.1,9.1,10.1,7.7,7.4,12.2
,     8. Philippines,...,...,...,...,...,10.6,13.8,7.0,5.7,6.9,4.6,8.5,7.7,5.9,4.3,3.6,4.6,2.9,3.3
,     9. Australia,0.0,0.8,0.9,1.5,1.4,2.5,1.0,0.9,1.7,0.9,1.1,1.3,3.1,1.1,1.6,3.6,2.3,1.3,1.7
,     10. Greece,...,...,...,...,...,...,...,...,...,...,0.0,0.1,0.1,0.1,0.1,2.2,1.8,2.3,2.5
,,,,,,,,,,,,,,,,,,,,
, BALANCE OF PAYMENTSk    fiscal year ending 30 September ($ million),,,,,,,,,,,,,,,,,,,
,Current account balance,-72.7,-49.4,-43.7,-37.5,-51.2,-42.4,-48.6,-36.5,-39.9,-19.3,-16.2,-24.5,-32.4,-31.7,-43.5,-24.4,-40.7,-54.8,-47.2*
,Balance on goods,-115.6,-81.2,-72.5,-76.0,-96.5,-91.7,-93.9,-87.0,-94.9,-78.6,-84.0,-106.8,-117.5,-125.1,-151.7,-136.8,-134.3,-139.5,-138.2*
,     Exports,11.3,18.7,24.7,12.2,10.7,16.4,21.4,15.5,18.1,11.2,14.2,14.9,17.7,16.6,15.9,13.1,13.3,14.1,13.8*
,     Imports,126.9,99.9,97.2,88.2,107.3,108.1,115.3,102.5,113.1,89.8,98.2,121.7,135.2,141.7,167.6,149.9,147.6,153.5,151.9*
,Balance on services,19.3,19.0,14.8,19.6,24.0,30.6,28.4,34.3,34.1,31.9,35.4,49.6,55.1,62.2,78.3,90.7,76.4,61.2,54.9*
,     Credit,52.8,51.3,50.3,50.8,57.7,67.6,70.0,76.4,81.5,74.5,78.1,94.6,110.5,116.0,133.0,151.7,142.4,129.2,119.7*
,     Debit,33.5,32.3,35.6,31.2,33.6,37.0,41.6,42.1,47.4,42.6,42.6,45.0,55.4,53.8,54.7,61.1,66.0,68.0,64.8*
,Balance on primary income,-10.5,-11.3,-13.0,-8.6,-6.5,-8.6,-9.4,-12.2,-10.1,-2.2,-2.7,-2.1,-5.1,-4.4,-8.0,-11.3,-14.4,-5.5,-7.6*
,     Credit,6.9,9.2,8.2,6.8,6.9,9.1,10.7,11.4,14.8,14.3,14.1,15.9,14.5,18.3,15.4,18.8,18.1,23.0,22.5*
,     Debit,17.4,20.5,21.1,15.5,13.4,17.6,20.1,23.6,24.8,16.4,16.8,18.0,19.6,22.8,23.4,30.1,32.6,28.5,30.0*
,Balance on secondary income,34.2,24.0,27.0,27.6,27.8,27.2,26.3,28.3,31.0,29.5,35.0,34.9,35.1,35.7,37.9,33.1,31.6,29.0,43.6*
,     Credit,46.4,37.5,41.4,41.8,43.1,43.1,42.4,44.0,45.4,42.3,47.6,48.0,49.0,50.2,53.9,52.2,53.3,52.1,67.1*
,     Debit,12.2,13.5,14.4,14.3,15.3,15.9,16.1,15.6,14.4,12.8,12.5,13.1,13.9,14.5,16.0,19.1,21.7,23.1,23.5*
,Capital account,28.1,31.2,33.1,28.2,39.3,46.9,46.3,40.2,27.0,14.5,26.1,16.8,22.9,19.5,32.6,17.6,24.4,10.3,74.7*
,     Credit,28.1,31.2,33.1,28.2,39.3,46.9,46.3,40.2,27.0,14.5,26.1,16.8,22.9,19.5,32.6,17.6,24.4,10.3,74.7*
,     Debit,–,–,–,–,–,–,–,–,–,–,–,–,–,–,–,–,–,–,–
,Financial account,-8.7,-5.3,-22.5,-9.1,-15.6,-15.5,0.8,-17.7,-30.2,-18.6,-14.1,-17.9,-10.7,-18.0,-17.5,7.0,-24.0,-38.7,5.6*
,     Direct investment,-20.3,-12.6,-8.2,-6.3,-2.6,-18.9,-19.1,-14.3,-38.0,-25.5,-19.9,-31.4,-28.5,-28.1,-33.5,-60.6,-58.1,-37.2,-56.6*
,     Portfolio investment,11.7,7.0,-14.3,-4.2,-10.0,-2.3,-1.9,-1.8,3.0,0.8,-3.1,0.3,-0.3,4.4,-11.9,5.2,0.3,1.4,67.6*
,     Financial derivatives,–,–,–,–,–,–,–,–,–,–,–,–,–,–,–,–,–,–,–
,     Other investments,-0.1,0.3,0.0,1.4,-3.1,5.7,21.7,-1.6,4.7,6.2,8.9,13.2,18.1,5.7,28.0,62.3,33.8,-3.0,-5.4*
,Net errors and omissionsl,35.8,12.8,-11.8,0.1,-3.7,-20.0,3.1,-21.3,-17.3,-13.8,-24.0,-10.2,-1.2,-5.8,-6.6,13.7,-7.7,5.8,-22.0*
,Overall balancem,-17.4,-10.7,-44.9,-18.2,-31.3,-31.0,1.6,-35.4,-60.4,-37.2,-28.2,-35.9,-21.4,-36.0,-35.0,13.9,-48.0,-77.5,11.1*
,Reserves assets,17.4,10.7,44.9,18.2,31.3,31.0,-1.6,35.4,60.4,37.2,28.2,35.9,21.4,36.0,35.0,-13.9,48.0,77.5,-11.1*
,,,,,,,,,,,,,,,,,,,,
,               Balance of Payments   (% of GDP at current purchasers prices),,,,,,,,,,,,,,,,,,,
,               Exports,7.7,11.9,15.2,7.9,6.5,8.9,11.3,8.0,9.2,6.1,7.8,7.7,8.4,7.4,6.5,4.7,4.4,4.9,4.9*
,               Imports,86.9,63.7,59.6,57.4,65.1,58.6,61.0,52.6,57.1,49.0,53.5,63.0,64.0,63.4,68.9,53.5,49.2,53.6,53.5*
,               Balance on goods,-79.1,-51.8,-44.5,-49.4,-58.5,-49.7,-49.7,-44.7,-47.9,-42.9,-45.8,-55.3,-55.7,-56.0,-62.4,-48.8,-44.7,-48.7,-48.6*
,               Current account balance,-49.7,-31.5,-26.8,-24.4,-31.1,-23.0,-25.7,-18.8,-20.1,-10.5,-8.8,-12.7,-15.3,-14.2,-17.9,-8.7,-13.6,-19.1,-16.6*
,               Overall balance,-11.9,-6.8,-27.6,-11.8,-19.0,-16.8,0.8,-18.2,-30.5,-20.3,-15.4,-18.6,-10.1,-16.1,-14.4,5.0,-16.0,-27.1,3.9*
,,,,,,,,,,,,,,,,,,,,
,EXCHANGE RATESn,1.0,1.0,1.0,1.0,1.0,1.0,1.0,1.0,1.0,1.0,1.0,1.0,1.0,1.0,1.0,1.0,1.0,1.0,1.0
,,,,,,,,,,,,,,,,,,,,
, EXTERNAL INDEBTEDNESS   as of end of year ($ million),,,,,,,,,,,,,,,,,,,
,Total debt outstanding and disbursed,58.5,58.2,58.1,56.9,60.0,59.6,57.6,69.0,66.8,70.4,66.5,62.7,69.1,65.0,70.6,64.4,80.0,85.9,88.2
,     Long-term debt,...,...,...,...,...,...,...,...,...,...,...,...,...,...,...,...,...,...,...
,          Public and publicly guaranteed,...,...,...,...,...,...,...,...,...,...,...,...,...,...,...,...,...,...,...
,          Private nonguaranteed,...,...,...,…,...,...,...,...,...,...,...,...,...,...,...,...,...,...,...
,     Short-term debt,...,...,...,...,...,...,...,...,...,...,...,...,...,...,...,...,...,...,...
,     Use of IMF credit,...,...,...,...,...,...,...,...,...,...,...,...,...,...,...,...,...,...,...
,,,,,,,,,,,,,,,,,,,,
,                External debt   (% of GDP at current purchasers prices),40.0,37.1,35.7,37.0,36.4,32.3,30.5,35.4,33.7,38.4,36.2,32.5,32.7,29.1,29.0,23.0,26.6,30.0,31.1
,                Total long-term debt   (% of total debt),...,...,...,...,...,...,...,...,...,...,...,...,...,...,...,...,...,...,...
,                Short-term debt   (% of total debt),...,...,...,...,...,...,...,...,...,...,...,...,...,...,...,...,...,...,...
,,,,,,,,,,,,,,,,,,,,
… = data not available; – = magnitude equals zero; -0.0 or 0.0 = magnitude is less than half of unit employed; $ = United States dollars; fob = free on board;  GDP = gross domestic product; GNI = gross national income; IMF = International Monetary Fund; km2 = square kilometer; kWh = kilowatt-hour; NPISHs = nonprofit institutions serving households.,,,,,,,,,,,,,,,,,,,,
,,,,,,,,,,,,,,,,,,,,
a,"Refers to persons aged 16 years and over, classified as employed or unemployed.",,,,,,,,,,,,,,,,,,,
b,Residual data.,,,,,,,,,,,,,,,,,,,
c,The values of statistical discrepancy were adjusted to make the total GDP by production approach consistent with the estimates using expenditure approach.,,,,,,,,,,,,,,,,,,,
d,Estimated as the difference between GDP by industrial origin at producer's prices and final consumption expenditure.,,,,,,,,,,,,,,,,,,,
e,"Refers to health, personal care, education, and services.",,,,,,,,,,,,,,,,,,,
f,Refers to leisure and entertainment.,,,,,,,,,,,,,,,,,,,
g,Included in Health.,,,,,,,,,,,,,,,,,,,
h,Follows the IMF's Government Finance Statistics Manual 2014.,,,,,,,,,,,,,,,,,,,
i,Refers to the national government.,,,,,,,,,,,,,,,,,,,
j,"Derived as revenue, minus expenses, plus consumption of fixed capital.",,,,,,,,,,,,,,,,,,,
k,Based on the IMF's Balance of Payments and International Investment Position Manual (sixth edition).,,,,,,,,,,,,,,,,,,,
l,"Refers to private bank flows, profit repatriation of so-called front businesses, and errors and omissions.",,,,,,,,,,,,,,,,,,,
m,"Increase in the Government of Palau’s gross foreign assets, minus return on the Compact Trust Fund, which is not covered in the balance of payments.",,,,,,,,,,,,,,,,,,,
n,The unit of currency of Palau is the United States dollar.,,,,,,,,,,,,,,,,,,,
,,,,,,,,,,,,,,,,,,,,
,Sources:,,,,,,,,,,,,,,,,,,,
,,,,,,,,,,,,,,,,,,,,
,Population,,"Government of Palau, Bureau of Budget and Planning (BBP). Official communication, 11 May 2018; past communication; Graduate School USA, Pacific and Virgin Islands Training Initiatives (PITI-VITI). Fiscal Year 2018 Economic Review Statistical Appendices (preliminary) March 2019. http://www.pitiviti.org/initiatives/economics/palau.php  (accessed 24 April 2019).",,,,,,,,,,,,,,,,,
,,,,,,,,,,,,,,,,,,,,
,Labor Force,,"BBP. 2015 Census of Population Housing and Agriculture. http://palaugov.pw/wp-content/uploads/2017/02/2015-Census-of-Population-Housing-Agriculture-.pdf;  2015 Statistical Yearbook. http://palaugov.pw/rop-statistical-yearbooks; official communication, 19 April 2013. ",,,,,,,,,,,,,,,,,
,,,,,,,,,,,,,,,,,,,,
,National Accounts,,"For GDP by industrial origin: BBP. Official communication, 26 April 2019; past communication. 
For GDP by expenditure: PITI-VITI. Fiscal Year 2018 Economic Review Statistical Appendices (preliminary) March 2019. http://www.pitiviti.org/initiatives/economics/palau.php  (accessed 24 April 2019).",,,,,,,,,,,,,,,,,
,,,,,,,,,,,,,,,,,,,,
,Energy,,United Nations Statistics Division. Energy. http://data.un.org/Default.aspx (accessed 8 July 2019). ,,,,,,,,,,,,,,,,,
,,,,,,,,,,,,,,,,,,,,
,Price Indexes,,"BBP. Official communication, 11 May 2018; past communication; BBP. Consumer Price Index. https://www.palaugov.pw/ (accessed 03 June 2019).",,,,,,,,,,,,,,,,,
,,,,,,,,,,,,,,,,,,,,
,Money and Banking,,PITI-VITI. Fiscal Year 2018 Economic Review Statistical Appendices (preliminary) March 2019. http://www.pitiviti.org/initiatives/economics/palau.php  (accessed 03 June 2019).,,,,,,,,,,,,,,,,,
,,,,,,,,,,,,,,,,,,,,
,Government Finance,,"BBP. Official communication, 26 April 2019; past communication; PITI-VITI. Fiscal Year 2018 Economic Review Statistical Appendices (preliminary) March 2019. http://www.pitiviti.org/initiatives/economics/palau.php  (accessed 24 April 2019).",,,,,,,,,,,,,,,,,
,,,,,,,,,,,,,,,,,,,,
,External Trade,,"BBP. 2015 Statistical Yearbook. http://palaugov.pw/rop-statistical-yearbooks/ (accessed 8 July 2019); Official communication, 19 April 2013. ",,,,,,,,,,,,,,,,,
,,,,,,,,,,,,,,,,,,,,
,Direction of Trade,,International Monetary Fund. Direction of Trade Statistics. http://www.elibrary.imf.org/ (accessed 27 May 2019).,,,,,,,,,,,,,,,,,
,,,,,,,,,,,,,,,,,,,,
,Balance of Payments,,"BBP. Official communication, 26 April 2019; past communication; PITI-VITI. Fiscal Year 2018 Economic Review Statistical Appendices (preliminary) March 2019. http://www.pitiviti.org/initiatives/economics/palau.php  (accessed 24 April 2019).",,,,,,,,,,,,,,,,,
,,,,,,,,,,,,,,,,,,,,
,Exchange Rates,,"International Monetary Fund. International Financial Statistics. http://data.imf.org/ (accessed 03 June 2019). 

 
",,,,,,,,,,,,,,,,,
,,,,,,,,,,,,,,,,,,,,
,External Indebtedness,,PITI-VITI. Fiscal Year 2018 Economic Review Statistical Appendices (preliminary) March 2019. http://www.pitiviti.org/initiatives/economics/palau.php  (accessed 24 April 2019).,,,,,,,,,,,,,,,,,
